UI_Group,UI_Target,accuracy,precision,recall,macro_f1,Best_Params
Global_UI,font_style_pref,0.225,0.16666666666666669,0.18685897435897436,0.17579365079365078,"{'criterion': 'gini', 'max_depth': None, 'min_samples_leaf': 1, 'min_samples_split': 2, 'n_estimators': 200}"
Global_UI,font_size_pref,0.4,0.19940476190476192,0.23923444976076555,0.21329787234042552,"{'criterion': 'gini', 'max_depth': None, 'min_samples_leaf': 1, 'min_samples_split': 2, 'n_estimators': 100}"
Global_UI,color_theme_pref,0.275,0.3587962962962963,0.27314814814814814,0.27301587301587305,"{'criterion': 'entropy', 'max_depth': 10, 'min_samples_leaf': 1, 'min_samples_split': 5, 'n_estimators': 100}"
Global_UI,accent_color_pref,0.55,0.12394957983193278,0.1488095238095238,0.13201970443349756,"{'criterion': 'entropy', 'max_depth': None, 'min_samples_leaf': 1, 'min_samples_split': 2, 'n_estimators': 200}"
Global_UI,background_pref,0.275,0.17948717948717946,0.2033333333333333,0.18709454796411318,"{'criterion': 'entropy', 'max_depth': None, 'min_samples_leaf': 1, 'min_samples_split': 2, 'n_estimators': 200}"
Global_UI,whitespace_pref,0.75,0.25,0.3333333333333333,0.2857142857142857,"{'criterion': 'entropy', 'max_depth': 10, 'min_samples_leaf': 1, 'min_samples_split': 2, 'n_estimators': 200}"
Global_UI,button_style_pref,0.4,0.46527777777777785,0.3661764705882353,0.37539580658964483,"{'criterion': 'gini', 'max_depth': 10, 'min_samples_leaf': 1, 'min_samples_split': 2, 'n_estimators': 100}"
Global_UI,hero_banner_size,0.4,0.1529017857142857,0.19780219780219782,0.16650943396226414,"{'criterion': 'entropy', 'max_depth': 10, 'min_samples_leaf': 1, 'min_samples_split': 2, 'n_estimators': 100}"
Global_UI,recommendation_type,0.45,0.33333333333333337,0.30921052631578944,0.3024010872848082,"{'criterion': 'gini', 'max_depth': None, 'min_samples_leaf': 1, 'min_samples_split': 2, 'n_estimators': 100}"
Global_UI,social_proof_display,0.4,0.16695652173913045,0.21904761904761902,0.188021778584392,"{'criterion': 'gini', 'max_depth': None, 'min_samples_leaf': 1, 'min_samples_split': 2, 'n_estimators': 200}"
Global_UI,urgency_pref,0.375,0.3408333333333333,0.3137529137529137,0.3180901856763926,"{'criterion': 'entropy', 'max_depth': 10, 'min_samples_leaf': 1, 'min_samples_split': 2, 'n_estimators': 100}"
Global_UI,checkout_style,0.4,0.16140350877192983,0.2125,0.18285714285714286,"{'criterion': 'gini', 'max_depth': None, 'min_samples_leaf': 2, 'min_samples_split': 5, 'n_estimators': 200}"
Global_UI,form_field_style,0.075,0.027046783625730993,0.040625,0.031947261663286,"{'criterion': 'entropy', 'max_depth': None, 'min_samples_leaf': 1, 'min_samples_split': 5, 'n_estimators': 100}"
Global_UI,product_desc_length,0.325,0.30833333333333335,0.28535353535353536,0.2841269841269841,"{'criterion': 'entropy', 'max_depth': None, 'min_samples_leaf': 1, 'min_samples_split': 2, 'n_estimators': 100}"
Desktop_UI,desktop_grid_pref,0.375,0.32,0.31007326007326,0.30715617715617716,"{'criterion': 'gini', 'max_depth': 10, 'min_samples_leaf': 1, 'min_samples_split': 5, 'n_estimators': 100}"
Desktop_UI,desktop_info_density,0.725,0.24786324786324787,0.3333333333333333,0.28431372549019607,"{'criterion': 'entropy', 'max_depth': 10, 'min_samples_leaf': 1, 'min_samples_split': 2, 'n_estimators': 100}"
Desktop_UI,desktop_image_text_ratio,0.5,0.32,0.34722222222222215,0.3319308087891538,"{'criterion': 'entropy', 'max_depth': None, 'min_samples_leaf': 1, 'min_samples_split': 2, 'n_estimators': 100}"
Desktop_UI,desktop_whitespace,0.525,0.30465949820788535,0.327536231884058,0.3055555555555555,"{'criterion': 'gini', 'max_depth': 10, 'min_samples_leaf': 1, 'min_samples_split': 2, 'n_estimators': 200}"
Desktop_UI,desktop_navigation,0.375,0.3538961038961039,0.3652777777777778,0.35667420814479633,"{'criterion': 'gini', 'max_depth': 10, 'min_samples_leaf': 1, 'min_samples_split': 2, 'n_estimators': 200}"
Desktop_UI,desktop_search_visibility,0.45,0.31559290382819793,0.36274509803921573,0.33705475810738966,"{'criterion': 'entropy', 'max_depth': 10, 'min_samples_leaf': 1, 'min_samples_split': 5, 'n_estimators': 100}"
Desktop_UI,desktop_category_display,0.4,0.3756720430107527,0.29673202614379085,0.2869734432234432,"{'criterion': 'entropy', 'max_depth': 10, 'min_samples_leaf': 1, 'min_samples_split': 2, 'n_estimators': 100}"
Desktop_UI,desktop_product_card,0.3,0.2715508021390375,0.2627272727272727,0.26169278996865203,"{'criterion': 'entropy', 'max_depth': None, 'min_samples_leaf': 1, 'min_samples_split': 2, 'n_estimators': 100}"
Desktop_UI,desktop_price_display,0.225,0.18210526315789471,0.1938888888888889,0.17767096787060488,"{'criterion': 'gini', 'max_depth': None, 'min_samples_leaf': 1, 'min_samples_split': 2, 'n_estimators': 200}"
Desktop_UI,desktop_filter_location,0.3,0.5210526315789473,0.2708333333333333,0.2957393483709273,"{'criterion': 'gini', 'max_depth': 10, 'min_samples_leaf': 2, 'min_samples_split': 2, 'n_estimators': 100}"
Desktop_UI,desktop_persistent_filters,0.75,0.375,0.5,0.42857142857142855,"{'criterion': 'entropy', 'max_depth': None, 'min_samples_leaf': 1, 'min_samples_split': 5, 'n_estimators': 200}"
Desktop_UI,desktop_quick_view,0.425,0.27142857142857146,0.26433873144399456,0.24841269841269842,"{'criterion': 'gini', 'max_depth': None, 'min_samples_leaf': 1, 'min_samples_split': 5, 'n_estimators': 100}"
Desktop_UI,desktop_review_display,0.35,0.18932748538011696,0.23333333333333334,0.20900178253119428,"{'criterion': 'gini', 'max_depth': None, 'min_samples_leaf': 1, 'min_samples_split': 2, 'n_estimators': 200}"
Mobile_UI,mobile_grid_pref,0.45,0.28431372549019607,0.27401837928153716,0.24261006289308176,"{'criterion': 'gini', 'max_depth': 10, 'min_samples_leaf': 1, 'min_samples_split': 2, 'n_estimators': 200}"
Mobile_UI,mobile_info_density,0.675,0.39814814814814814,0.38271604938271603,0.3671143671143671,"{'criterion': 'gini', 'max_depth': 10, 'min_samples_leaf': 2, 'min_samples_split': 5, 'n_estimators': 100}"
Mobile_UI,mobile_image_text_ratio,0.8,0.2735042735042735,0.32323232323232326,0.2962962962962963,"{'criterion': 'entropy', 'max_depth': None, 'min_samples_leaf': 1, 'min_samples_split': 2, 'n_estimators': 100}"
Mobile_UI,mobile_whitespace,0.85,0.2833333333333333,0.3333333333333333,0.30630630630630634,"{'criterion': 'gini', 'max_depth': None, 'min_samples_leaf': 1, 'min_samples_split': 2, 'n_estimators': 100}"
Mobile_UI,mobile_navigation,0.4,0.2123563218390805,0.23124999999999998,0.21190476190476187,"{'criterion': 'gini', 'max_depth': 10, 'min_samples_leaf': 1, 'min_samples_split': 2, 'n_estimators': 200}"
Mobile_UI,mobile_search_visibility,0.325,0.2957393483709273,0.3091491841491842,0.29947089947089944,"{'criterion': 'entropy', 'max_depth': 10, 'min_samples_leaf': 1, 'min_samples_split': 5, 'n_estimators': 200}"
Mobile_UI,mobile_category_display,0.4,0.265993265993266,0.32230392156862747,0.2911010558069382,"{'criterion': 'gini', 'max_depth': 10, 'min_samples_leaf': 2, 'min_samples_split': 2, 'n_estimators': 100}"
Mobile_UI,mobile_product_card,0.4,0.3618181818181818,0.2982142857142857,0.31082879612825165,"{'criterion': 'gini', 'max_depth': None, 'min_samples_leaf': 1, 'min_samples_split': 2, 'n_estimators': 200}"
Mobile_UI,mobile_price_display,0.575,0.20175438596491227,0.3066666666666667,0.24338624338624337,"{'criterion': 'gini', 'max_depth': None, 'min_samples_leaf': 1, 'min_samples_split': 5, 'n_estimators': 100}"
Mobile_UI,mobile_filter_location,0.6,0.375,0.3924191750278707,0.3694083694083694,"{'criterion': 'gini', 'max_depth': None, 'min_samples_leaf': 2, 'min_samples_split': 2, 'n_estimators': 200}"
Mobile_UI,mobile_quick_view,0.35,0.15053763440860216,0.2222222222222222,0.1794871794871795,"{'criterion': 'entropy', 'max_depth': 10, 'min_samples_leaf': 1, 'min_samples_split': 2, 'n_estimators': 100}"
Mobile_UI,mobile_review_display,0.5,0.32952380952380955,0.36507936507936506,0.34575569358178054,"{'criterion': 'entropy', 'max_depth': 10, 'min_samples_leaf': 1, 'min_samples_split': 2, 'n_estimators': 100}"
Mobile_UI,mobile_sticky_header,0.5,0.42857142857142855,0.4340659340659341,0.4301994301994302,"{'criterion': 'gini', 'max_depth': None, 'min_samples_leaf': 1, 'min_samples_split': 5, 'n_estimators': 100}"
Mobile_UI,mobile_touch_size,0.425,0.2711111111111111,0.2798573975044563,0.27437943262411346,"{'criterion': 'gini', 'max_depth': None, 'min_samples_leaf': 1, 'min_samples_split': 2, 'n_estimators': 200}"
