UI_Group,UI_Target,Predictor,Mean_ABS_SHAP,SHAP_Rank
Global_UI,font_style_pref,primary_device,0.04828259122900901,1
Global_UI,font_style_pref,Neuroticism,0.04184414359790391,2
Global_UI,font_style_pref,current_mood,0.031087554451570965,3
Global_UI,font_style_pref,Extraversion,0.02984305336398419,4
Global_UI,font_style_pref,Openness,0.02969795660084256,5
Global_UI,font_style_pref,Agreeableness,0.02293194740646718,6
Global_UI,font_style_pref,primary_persona,0.016275065323264518,7
Global_UI,font_style_pref,Conscientiousness,0.012176443996843539,8
Global_UI,font_size_pref,current_mood,0.046155994834408215,1
Global_UI,font_size_pref,primary_persona,0.03547597371511854,2
Global_UI,font_size_pref,Extraversion,0.032124778160071046,3
Global_UI,font_size_pref,Openness,0.027291940954316196,4
Global_UI,font_size_pref,Neuroticism,0.02716607315208846,5
Global_UI,font_size_pref,primary_device,0.024820344927669262,6
Global_UI,font_size_pref,Conscientiousness,0.022373699123133924,7
Global_UI,font_size_pref,Agreeableness,0.008768711967088257,8
Global_UI,color_theme_pref,primary_persona,0.029734884043525305,1
Global_UI,color_theme_pref,Agreeableness,0.023551236888796356,2
Global_UI,color_theme_pref,Neuroticism,0.020051688582550943,3
Global_UI,color_theme_pref,primary_device,0.01781121735390541,4
Global_UI,color_theme_pref,Openness,0.01734146441700337,5
Global_UI,color_theme_pref,Extraversion,0.01703824801880433,6
Global_UI,color_theme_pref,Conscientiousness,0.016666955365836178,7
Global_UI,color_theme_pref,current_mood,0.01341302701381351,8
Global_UI,accent_color_pref,Openness,0.027365374068513207,1
Global_UI,accent_color_pref,Neuroticism,0.019677616158790313,2
Global_UI,accent_color_pref,current_mood,0.0190504795020635,3
Global_UI,accent_color_pref,primary_persona,0.01566856155392221,4
Global_UI,accent_color_pref,primary_device,0.01550413159022807,5
Global_UI,accent_color_pref,Agreeableness,0.014943049373224174,6
Global_UI,accent_color_pref,Extraversion,0.013303644976653048,7
Global_UI,accent_color_pref,Conscientiousness,0.006523108888143994,8
Global_UI,background_pref,current_mood,0.04828990137877086,1
Global_UI,background_pref,Neuroticism,0.03182243971761925,2
Global_UI,background_pref,Extraversion,0.027162675350288837,3
Global_UI,background_pref,Openness,0.026486796973849785,4
Global_UI,background_pref,primary_device,0.02535413850539384,5
Global_UI,background_pref,Conscientiousness,0.025315246458744833,6
Global_UI,background_pref,Agreeableness,0.021547295212680572,7
Global_UI,background_pref,primary_persona,0.006268568922081305,8
Global_UI,whitespace_pref,Openness,0.03388854266615276,1
Global_UI,whitespace_pref,Neuroticism,0.030007601969819848,2
Global_UI,whitespace_pref,Conscientiousness,0.026143950601955332,3
Global_UI,whitespace_pref,Agreeableness,0.024310956412271465,4
Global_UI,whitespace_pref,primary_device,0.021297215512204277,5
Global_UI,whitespace_pref,current_mood,0.01914797364519371,6
Global_UI,whitespace_pref,primary_persona,0.017092531377978122,7
Global_UI,whitespace_pref,Extraversion,0.010856263253202788,8
Global_UI,button_style_pref,Agreeableness,0.025044615049998425,1
Global_UI,button_style_pref,Openness,0.024446733385207687,2
Global_UI,button_style_pref,current_mood,0.021883211900039116,3
Global_UI,button_style_pref,Conscientiousness,0.020688991233892732,4
Global_UI,button_style_pref,primary_device,0.019637153399410287,5
Global_UI,button_style_pref,primary_persona,0.019485765958172772,6
Global_UI,button_style_pref,Neuroticism,0.01863366557680992,7
Global_UI,button_style_pref,Extraversion,0.01402453668471652,8
Global_UI,hero_banner_size,current_mood,0.04078750777312464,1
Global_UI,hero_banner_size,Openness,0.040454921886261035,2
Global_UI,hero_banner_size,primary_device,0.03057650082350526,3
Global_UI,hero_banner_size,Agreeableness,0.023802200730237127,4
Global_UI,hero_banner_size,primary_persona,0.021866566108813257,5
Global_UI,hero_banner_size,Conscientiousness,0.019140538180072095,6
Global_UI,hero_banner_size,Neuroticism,0.019073781319398103,7
Global_UI,hero_banner_size,Extraversion,0.006963083734684938,8
Global_UI,recommendation_type,Neuroticism,0.04055553676141661,1
Global_UI,recommendation_type,primary_persona,0.03621655660211949,2
Global_UI,recommendation_type,current_mood,0.031090359021934293,3
Global_UI,recommendation_type,Conscientiousness,0.029650193085438193,4
Global_UI,recommendation_type,primary_device,0.028508228128959135,5
Global_UI,recommendation_type,Openness,0.028483949826237275,6
Global_UI,recommendation_type,Agreeableness,0.022344201754262286,7
Global_UI,recommendation_type,Extraversion,0.009736225587284205,8
Global_UI,social_proof_display,Neuroticism,0.03152006716729635,1
Global_UI,social_proof_display,Extraversion,0.025218718910604402,2
Global_UI,social_proof_display,primary_device,0.02296109888829858,3
Global_UI,social_proof_display,Openness,0.021727055343139935,4
Global_UI,social_proof_display,Conscientiousness,0.021271043540854736,5
Global_UI,social_proof_display,current_mood,0.01990634682860696,6
Global_UI,social_proof_display,Agreeableness,0.018411147809405847,7
Global_UI,social_proof_display,primary_persona,0.015139503135022513,8
Global_UI,urgency_pref,primary_device,0.03197838174348877,1
Global_UI,urgency_pref,Neuroticism,0.030895549660704066,2
Global_UI,urgency_pref,current_mood,0.03038346386832865,3
Global_UI,urgency_pref,Openness,0.03026795649914238,4
Global_UI,urgency_pref,Extraversion,0.029120054514925484,5
Global_UI,urgency_pref,Agreeableness,0.02390008969841705,6
Global_UI,urgency_pref,primary_persona,0.021082867787468425,7
Global_UI,urgency_pref,Conscientiousness,0.008760435335948513,8
Global_UI,checkout_style,Extraversion,0.03097613547193547,1
Global_UI,checkout_style,current_mood,0.030341339482111193,2
Global_UI,checkout_style,primary_device,0.024706172238792415,3
Global_UI,checkout_style,Openness,0.01827843290295631,4
Global_UI,checkout_style,Conscientiousness,0.018167394194915483,5
Global_UI,checkout_style,Agreeableness,0.01509312660904848,6
Global_UI,checkout_style,Neuroticism,0.01278746970472304,7
Global_UI,checkout_style,primary_persona,0.00414089399437291,8
Global_UI,form_field_style,Agreeableness,0.023307340896178044,1
Global_UI,form_field_style,primary_persona,0.020521703961663213,2
Global_UI,form_field_style,Openness,0.019569390960044463,3
Global_UI,form_field_style,primary_device,0.015512752649662422,4
Global_UI,form_field_style,Extraversion,0.014821037971170504,5
Global_UI,form_field_style,Neuroticism,0.0144739648620444,6
Global_UI,form_field_style,current_mood,0.012663105889515355,7
Global_UI,form_field_style,Conscientiousness,0.005338298123443328,8
Global_UI,product_desc_length,primary_persona,0.0409993870133311,1
Global_UI,product_desc_length,Openness,0.0342621290014124,2
Global_UI,product_desc_length,Neuroticism,0.03382112941700471,3
Global_UI,product_desc_length,primary_device,0.03140102841850707,4
Global_UI,product_desc_length,Conscientiousness,0.024331061761935703,5
Global_UI,product_desc_length,Extraversion,0.023176260090245645,6
Global_UI,product_desc_length,current_mood,0.022486954452150567,7
Global_UI,product_desc_length,Agreeableness,0.007031815256937367,8
Desktop_UI,desktop_grid_pref,Openness,0.025603168192623142,1
Desktop_UI,desktop_grid_pref,Agreeableness,0.02484793356196494,2
Desktop_UI,desktop_grid_pref,current_mood,0.022255104876388106,3
Desktop_UI,desktop_grid_pref,Conscientiousness,0.02112919898158144,4
Desktop_UI,desktop_grid_pref,Extraversion,0.017930567613070044,5
Desktop_UI,desktop_grid_pref,primary_device,0.017702933363223705,6
Desktop_UI,desktop_grid_pref,primary_persona,0.0167954901846547,7
Desktop_UI,desktop_grid_pref,Neuroticism,0.007794488620839526,8
Desktop_UI,desktop_info_density,Neuroticism,0.036613181729662325,1
Desktop_UI,desktop_info_density,primary_device,0.03597677364216489,2
Desktop_UI,desktop_info_density,current_mood,0.03384277354290513,3
Desktop_UI,desktop_info_density,Extraversion,0.029968012035760598,4
Desktop_UI,desktop_info_density,Conscientiousness,0.027814504008247396,5
Desktop_UI,desktop_info_density,Agreeableness,0.01859049074226465,6
Desktop_UI,desktop_info_density,Openness,0.01713144618248252,7
Desktop_UI,desktop_info_density,primary_persona,0.0069922501848920056,8
Desktop_UI,desktop_image_text_ratio,Neuroticism,0.03501225697927684,1
Desktop_UI,desktop_image_text_ratio,Openness,0.031780544900384324,2
Desktop_UI,desktop_image_text_ratio,Agreeableness,0.02815254793325148,3
Desktop_UI,desktop_image_text_ratio,Conscientiousness,0.02621331103371532,4
Desktop_UI,desktop_image_text_ratio,primary_device,0.02489657902976259,5
Desktop_UI,desktop_image_text_ratio,Extraversion,0.02417778824467964,6
Desktop_UI,desktop_image_text_ratio,current_mood,0.023634296925270446,7
Desktop_UI,desktop_image_text_ratio,primary_persona,0.01757365672623305,8
Desktop_UI,desktop_whitespace,primary_device,0.04497102499333076,1
Desktop_UI,desktop_whitespace,Openness,0.033836733418531294,2
Desktop_UI,desktop_whitespace,Agreeableness,0.029860044268281382,3
Desktop_UI,desktop_whitespace,Neuroticism,0.022805923428111073,4
Desktop_UI,desktop_whitespace,primary_persona,0.017788859057238433,5
Desktop_UI,desktop_whitespace,Extraversion,0.016560774323671847,6
Desktop_UI,desktop_whitespace,current_mood,0.013056830142236494,7
Desktop_UI,desktop_whitespace,Conscientiousness,0.00792463776556984,8
Desktop_UI,desktop_navigation,Agreeableness,0.035214559008019265,1
Desktop_UI,desktop_navigation,primary_device,0.033565904278516044,2
Desktop_UI,desktop_navigation,Neuroticism,0.03304048980274495,3
Desktop_UI,desktop_navigation,primary_persona,0.02419460832291444,4
Desktop_UI,desktop_navigation,Extraversion,0.024099134833003515,5
Desktop_UI,desktop_navigation,current_mood,0.022254190516358352,6
Desktop_UI,desktop_navigation,Conscientiousness,0.02152376672970915,7
Desktop_UI,desktop_navigation,Openness,0.017478431981216715,8
Desktop_UI,desktop_search_visibility,Extraversion,0.04953568965636855,1
Desktop_UI,desktop_search_visibility,primary_persona,0.03536699036238426,2
Desktop_UI,desktop_search_visibility,Agreeableness,0.025366803674127768,3
Desktop_UI,desktop_search_visibility,current_mood,0.024158711909366366,4
Desktop_UI,desktop_search_visibility,Openness,0.022427823637394206,5
Desktop_UI,desktop_search_visibility,primary_device,0.018708035053440087,6
Desktop_UI,desktop_search_visibility,Neuroticism,0.01593724931963113,7
Desktop_UI,desktop_search_visibility,Conscientiousness,0.012368792122231659,8
Desktop_UI,desktop_category_display,Agreeableness,0.0363836631085862,1
Desktop_UI,desktop_category_display,primary_persona,0.03296169788546498,2
Desktop_UI,desktop_category_display,current_mood,0.02462066785403161,3
Desktop_UI,desktop_category_display,Conscientiousness,0.02160650868327472,4
Desktop_UI,desktop_category_display,Openness,0.02157388106402518,5
Desktop_UI,desktop_category_display,Neuroticism,0.02136455249262553,6
Desktop_UI,desktop_category_display,primary_device,0.020502352819074247,7
Desktop_UI,desktop_category_display,Extraversion,0.010504850275295793,8
Desktop_UI,desktop_product_card,Neuroticism,0.028151284518293324,1
Desktop_UI,desktop_product_card,Openness,0.024579095203162985,2
Desktop_UI,desktop_product_card,Agreeableness,0.024234074112186862,3
Desktop_UI,desktop_product_card,current_mood,0.022554200624406273,4
Desktop_UI,desktop_product_card,primary_device,0.02215251753961981,5
Desktop_UI,desktop_product_card,Extraversion,0.021221066022244776,6
Desktop_UI,desktop_product_card,Conscientiousness,0.021108915079484567,7
Desktop_UI,desktop_product_card,primary_persona,0.014199003894639817,8
Desktop_UI,desktop_price_display,Conscientiousness,0.04011943385433388,1
Desktop_UI,desktop_price_display,Openness,0.03506929485386261,2
Desktop_UI,desktop_price_display,primary_device,0.028782805907063978,3
Desktop_UI,desktop_price_display,Extraversion,0.0259937963871568,4
Desktop_UI,desktop_price_display,current_mood,0.023440549666074128,5
Desktop_UI,desktop_price_display,Neuroticism,0.02211034643201304,6
Desktop_UI,desktop_price_display,primary_persona,0.021326018401443506,7
Desktop_UI,desktop_price_display,Agreeableness,0.00700526306994439,8
Desktop_UI,desktop_filter_location,Extraversion,0.046727344540163564,1
Desktop_UI,desktop_filter_location,current_mood,0.0424740010189062,2
Desktop_UI,desktop_filter_location,Openness,0.027702960513206924,3
Desktop_UI,desktop_filter_location,Agreeableness,0.025644520657221226,4
Desktop_UI,desktop_filter_location,primary_device,0.023373937031583372,5
Desktop_UI,desktop_filter_location,Conscientiousness,0.021435933675146616,6
Desktop_UI,desktop_filter_location,Neuroticism,0.020173468333170384,7
Desktop_UI,desktop_filter_location,primary_persona,0.010038873347983042,8
Desktop_UI,desktop_persistent_filters,Openness,0.03601509161981057,1
Desktop_UI,desktop_persistent_filters,primary_persona,0.03564228360118042,2
Desktop_UI,desktop_persistent_filters,Extraversion,0.02969588994702118,3
Desktop_UI,desktop_persistent_filters,current_mood,0.026983760036532505,4
Desktop_UI,desktop_persistent_filters,Conscientiousness,0.023796636163250742,5
Desktop_UI,desktop_persistent_filters,Neuroticism,0.02074177957487449,6
Desktop_UI,desktop_persistent_filters,primary_device,0.019516737908553784,7
Desktop_UI,desktop_persistent_filters,Agreeableness,0.014413310290885443,8
Desktop_UI,desktop_quick_view,Extraversion,0.028538967117687237,1
Desktop_UI,desktop_quick_view,current_mood,0.027725670482237695,2
Desktop_UI,desktop_quick_view,primary_device,0.02350840205330111,3
Desktop_UI,desktop_quick_view,Agreeableness,0.01875711928841122,4
Desktop_UI,desktop_quick_view,Conscientiousness,0.01592076400888103,5
Desktop_UI,desktop_quick_view,Neuroticism,0.01520528067898069,6
Desktop_UI,desktop_quick_view,primary_persona,0.012289490940834143,7
Desktop_UI,desktop_quick_view,Openness,0.012002972034886164,8
Desktop_UI,desktop_review_display,Neuroticism,0.03666279100423075,1
Desktop_UI,desktop_review_display,current_mood,0.03048522645991747,2
Desktop_UI,desktop_review_display,Extraversion,0.029940501381104177,3
Desktop_UI,desktop_review_display,Openness,0.026491807305875636,4
Desktop_UI,desktop_review_display,primary_device,0.023291100455057025,5
Desktop_UI,desktop_review_display,Conscientiousness,0.022205595358319643,6
Desktop_UI,desktop_review_display,primary_persona,0.021830486013886652,7
Desktop_UI,desktop_review_display,Agreeableness,0.010839471116321737,8
Mobile_UI,mobile_grid_pref,primary_persona,0.03547752808433706,1
Mobile_UI,mobile_grid_pref,Extraversion,0.03089073291732538,2
Mobile_UI,mobile_grid_pref,Conscientiousness,0.027706775894053924,3
Mobile_UI,mobile_grid_pref,Openness,0.025985987830045167,4
Mobile_UI,mobile_grid_pref,primary_device,0.02536598485848606,5
Mobile_UI,mobile_grid_pref,current_mood,0.023708578106425907,6
Mobile_UI,mobile_grid_pref,Neuroticism,0.0224487808369249,7
Mobile_UI,mobile_grid_pref,Agreeableness,0.02060581932349284,8
Mobile_UI,mobile_info_density,primary_device,0.04135348618317817,1
Mobile_UI,mobile_info_density,Openness,0.025648858627284714,2
Mobile_UI,mobile_info_density,Extraversion,0.02146005803593381,3
Mobile_UI,mobile_info_density,current_mood,0.021420313401241085,4
Mobile_UI,mobile_info_density,Neuroticism,0.021331206225075536,5
Mobile_UI,mobile_info_density,Agreeableness,0.01906850582238503,6
Mobile_UI,mobile_info_density,primary_persona,0.01579937772687545,7
Mobile_UI,mobile_info_density,Conscientiousness,0.005568768753822653,8
Mobile_UI,mobile_image_text_ratio,Neuroticism,0.029465796956539787,1
Mobile_UI,mobile_image_text_ratio,Agreeableness,0.028926846472482833,2
Mobile_UI,mobile_image_text_ratio,current_mood,0.026293195763631542,3
Mobile_UI,mobile_image_text_ratio,primary_device,0.026170129441261975,4
Mobile_UI,mobile_image_text_ratio,Openness,0.022720497634053156,5
Mobile_UI,mobile_image_text_ratio,Extraversion,0.01846369865582104,6
Mobile_UI,mobile_image_text_ratio,primary_persona,0.014625199535213256,7
Mobile_UI,mobile_image_text_ratio,Conscientiousness,0.007995835481063219,8
Mobile_UI,mobile_whitespace,Agreeableness,0.023712774633437083,1
Mobile_UI,mobile_whitespace,Conscientiousness,0.022014811076024057,2
Mobile_UI,mobile_whitespace,current_mood,0.021300537037384038,3
Mobile_UI,mobile_whitespace,Extraversion,0.0187482143810604,4
Mobile_UI,mobile_whitespace,primary_persona,0.01827874555889996,5
Mobile_UI,mobile_whitespace,Openness,0.016214829448333884,6
Mobile_UI,mobile_whitespace,primary_device,0.014781406709534957,7
Mobile_UI,mobile_whitespace,Neuroticism,0.003621493644139621,8
Mobile_UI,mobile_navigation,primary_device,0.04493073745636021,1
Mobile_UI,mobile_navigation,primary_persona,0.029696905236285077,2
Mobile_UI,mobile_navigation,Extraversion,0.02826513623329891,3
Mobile_UI,mobile_navigation,Agreeableness,0.021812352392944344,4
Mobile_UI,mobile_navigation,current_mood,0.02037548117575939,5
Mobile_UI,mobile_navigation,Neuroticism,0.019720069873227032,6
Mobile_UI,mobile_navigation,Openness,0.01750339945220149,7
Mobile_UI,mobile_navigation,Conscientiousness,0.011283541077553385,8
Mobile_UI,mobile_search_visibility,current_mood,0.05113542234606927,1
Mobile_UI,mobile_search_visibility,Agreeableness,0.0335161124340828,2
Mobile_UI,mobile_search_visibility,primary_device,0.02811589193840828,3
Mobile_UI,mobile_search_visibility,Openness,0.02663958380584974,4
Mobile_UI,mobile_search_visibility,Extraversion,0.022009082199823816,5
Mobile_UI,mobile_search_visibility,Conscientiousness,0.020946212109871524,6
Mobile_UI,mobile_search_visibility,primary_persona,0.020342546926936534,7
Mobile_UI,mobile_search_visibility,Neuroticism,0.010346882361445776,8
Mobile_UI,mobile_category_display,primary_device,0.0532851628336115,1
Mobile_UI,mobile_category_display,primary_persona,0.03389829938014778,2
Mobile_UI,mobile_category_display,Openness,0.030042163170363585,3
Mobile_UI,mobile_category_display,current_mood,0.027817780512914076,4
Mobile_UI,mobile_category_display,Neuroticism,0.023973024992210514,5
Mobile_UI,mobile_category_display,Agreeableness,0.022441561814645506,6
Mobile_UI,mobile_category_display,Conscientiousness,0.015174527482341596,7
Mobile_UI,mobile_category_display,Extraversion,0.004859832501957309,8
Mobile_UI,mobile_product_card,Conscientiousness,0.030765841025034196,1
Mobile_UI,mobile_product_card,primary_persona,0.02660330580870969,2
Mobile_UI,mobile_product_card,Openness,0.026566125134418837,3
Mobile_UI,mobile_product_card,Extraversion,0.0240283048804926,4
Mobile_UI,mobile_product_card,primary_device,0.02308044741535821,5
Mobile_UI,mobile_product_card,Agreeableness,0.02127041860501845,6
Mobile_UI,mobile_product_card,Neuroticism,0.01832077623939331,7
Mobile_UI,mobile_product_card,current_mood,0.004852466505548254,8
Mobile_UI,mobile_price_display,primary_persona,0.03249707758068944,1
Mobile_UI,mobile_price_display,Openness,0.031527534732739775,2
Mobile_UI,mobile_price_display,Neuroticism,0.030925553746621037,3
Mobile_UI,mobile_price_display,Conscientiousness,0.030910939872922694,4
Mobile_UI,mobile_price_display,Agreeableness,0.029843773610591304,5
Mobile_UI,mobile_price_display,primary_device,0.02349523923801245,6
Mobile_UI,mobile_price_display,current_mood,0.018332763891280097,7
Mobile_UI,mobile_price_display,Extraversion,0.01576860229496305,8
Mobile_UI,mobile_filter_location,primary_device,0.05132729692284529,1
Mobile_UI,mobile_filter_location,Extraversion,0.03925642497415474,2
Mobile_UI,mobile_filter_location,primary_persona,0.03297269707530181,3
Mobile_UI,mobile_filter_location,Openness,0.02571268668442072,4
Mobile_UI,mobile_filter_location,Agreeableness,0.0236125975274854,5
Mobile_UI,mobile_filter_location,Neuroticism,0.020613244434514167,6
Mobile_UI,mobile_filter_location,Conscientiousness,0.01587371718219997,7
Mobile_UI,mobile_filter_location,current_mood,0.006662525123605376,8
Mobile_UI,mobile_quick_view,Extraversion,0.049285545205458935,1
Mobile_UI,mobile_quick_view,Neuroticism,0.03731637753335371,2
Mobile_UI,mobile_quick_view,primary_device,0.033529921393612126,3
Mobile_UI,mobile_quick_view,Openness,0.031180198803633603,4
Mobile_UI,mobile_quick_view,current_mood,0.02596836123136077,5
Mobile_UI,mobile_quick_view,Agreeableness,0.025916461961751177,6
Mobile_UI,mobile_quick_view,Conscientiousness,0.020296657831807636,7
Mobile_UI,mobile_quick_view,primary_persona,0.01490520758354032,8
Mobile_UI,mobile_review_display,primary_persona,0.046796666769425496,1
Mobile_UI,mobile_review_display,Agreeableness,0.04586741908697923,2
Mobile_UI,mobile_review_display,current_mood,0.03127558505846573,3
Mobile_UI,mobile_review_display,Openness,0.030723631752783972,4
Mobile_UI,mobile_review_display,Neuroticism,0.02922421958178708,5
Mobile_UI,mobile_review_display,primary_device,0.021805644374532317,6
Mobile_UI,mobile_review_display,Conscientiousness,0.018966437954644408,7
Mobile_UI,mobile_review_display,Extraversion,0.017503028506697643,8
Mobile_UI,mobile_sticky_header,Agreeableness,0.07812896262476739,1
Mobile_UI,mobile_sticky_header,Neuroticism,0.04256340213363032,2
Mobile_UI,mobile_sticky_header,Extraversion,0.04118327545787505,3
Mobile_UI,mobile_sticky_header,primary_persona,0.031087422284812156,4
Mobile_UI,mobile_sticky_header,Conscientiousness,0.02806316185185758,5
Mobile_UI,mobile_sticky_header,primary_device,0.025458965836916637,6
Mobile_UI,mobile_sticky_header,Openness,0.018653467878778286,7
Mobile_UI,mobile_sticky_header,current_mood,0.007370708897946043,8
Mobile_UI,mobile_touch_size,Agreeableness,0.043439563700711274,1
Mobile_UI,mobile_touch_size,Neuroticism,0.033359071146380155,2
Mobile_UI,mobile_touch_size,primary_device,0.02866462575270191,3
Mobile_UI,mobile_touch_size,Extraversion,0.023885900849035017,4
Mobile_UI,mobile_touch_size,current_mood,0.021343658096014868,5
Mobile_UI,mobile_touch_size,Openness,0.01833159035683275,6
Mobile_UI,mobile_touch_size,primary_persona,0.016966405260966773,7
Mobile_UI,mobile_touch_size,Conscientiousness,0.01564775150897687,8
